1733276,Senior Earth Observation Data Analyst,99500,Get It Recruit - Information Technology,sql
1064019,Legal Project Management Data Analyst,99500,Ogletree Deakins,sql
1733276,Senior Earth Observation Data Analyst,99500,Get It Recruit - Information Technology,python
1064019,Legal Project Management Data Analyst,99500,Ogletree Deakins,python
1733276,Senior Earth Observation Data Analyst,99500,Get It Recruit - Information Technology,java
1733276,Senior Earth Observation Data Analyst,99500,Get It Recruit - Information Technology,r
1064019,Legal Project Management Data Analyst,99500,Ogletree Deakins,r
1733276,Senior Earth Observation Data Analyst,99500,Get It Recruit - Information Technology,bash
1733276,Senior Earth Observation Data Analyst,99500,Get It Recruit - Information Technology,c++
1733276,Senior Earth Observation Data Analyst,99500,Get It Recruit - Information Technology,c#
1733276,Senior Earth Observation Data Analyst,99500,Get It Recruit - Information Technology,powershell
867791,Data Analyst III - SQL Analytics - Remote | WFH,99000,Get It Recruit - Technology,sql
284410,Data Analyst,98750,"Goldbelt, Inc.",sas
284410,Data Analyst,98750,"Goldbelt, Inc.",sas
498516,Mid-Level Data Analyst - Python/SQL/PowerBI/Tableau,97500,Motion Recruitment,sql
498516,Mid-Level Data Analyst - Python/SQL/PowerBI/Tableau,97500,Motion Recruitment,python
